Name,G,W,L,T,AB,H,Doubles,Triples,HR,RunsScored,SB,CS,BatterBB,BatterHBP,SacFlies,SacBunts,IP,RunsAllowed,ER,ERA,PitcherK,PitcherBB,PitcherHBP,PO,A,E,DP,NCAA,WCWS,Conference,ConfNumBids,ConfTop16
A&M-Corpus Christi,52,14,37,1,1323,312,46,1,17,156,71,13,,,,,327.2,299,222,4.74,139,109,,983,505,81,18,No,No,Southland,1,0
Abilene Christian,49,23,26,0,1270,315,44,4,32,181,47,8,,,,,325,209,176,3.79,217,98,,975,339,55,13,No,No,Southland,1,0
Akron,48,4,43,1,1098,251,50,1,23,108,54,31,,,,,286,352,278,6.8,136,130,,858,324,80,10,No,No,MAC,1,0
Alabama,51,33,18,0,1269,350,49,10,47,244,54,12,,,,,334.2,152,119,2.49,309,203,,1004,374,49,18,At-large,No,SEC,13,9
Alabama A&M,43,22,21,0,1115,331,59,8,32,256,56,11,,,,,260.1,232,166,4.46,161,149,11,781,267,75,13,No,No,SWAC,1,0
Alabama St.,54,23,31,0,1390,401,73,13,26,261,82,15,,,,,340.2,316,245,5.03,208,197,,1022,422,95,11,No,No,SWAC,1,0
Albany (NY),46,32,14,0,1188,316,65,8,30,229,57,9,,,,,302,125,110,2.55,213,151,,906,330,36,11,Auto,No,America East,1,0
Alcorn,49,14,35,0,1183,314,46,9,10,208,39,9,,,,,285.2,318,242,5.93,168,170,,857,332,95,5,No,No,SWAC,1,0
Appalachian St.,52,17,35,0,1390,375,49,4,36,215,61,10,,,,,338.2,294,208,4.3,176,180,,1016,466,74,7,No,No,Sun Belt,2,0
Arizona,54,40,14,0,1418,426,69,7,73,278,30,4,,,,,351.1,117,94,1.87,362,108,,1054,300,39,9,At-large,No,Pac-12,7,5
Arizona St.,54,43,11,0,1418,400,69,13,60,281,25,8,,,,,367.2,107,75,1.43,405,69,,1103,332,47,13,At-large,Yes,Pac-12,7,5
Ark.-Pine Bluff,46,17,29,0,1161,289,26,13,7,186,70,15,,,,,285.2,264,202,4.95,104,118,,857,313,88,12,No,No,SWAC,1,0
Arkansas,54,39,15,0,1426,403,61,10,53,269,19,2,,,,,354.1,141,115,2.27,347,74,,1063,385,53,10,At-large,No,SEC,13,9
Army West Point,54,26,28,0,1449,384,64,12,16,206,46,9,,,,,355.1,216,158,3.11,237,168,,1066,453,72,18,No,No,Patriot,1,0
Auburn,55,40,15,0,1412,403,60,11,42,287,95,30,,,,,377.1,86,71,1.32,270,83,9,1132,512,40,24,At-large,No,SEC,13,9
Austin Peay,56,39,17,0,1481,400,65,5,51,245,102,14,,,,,379,150,122,2.25,283,73,15,1137,395,59,8,No,No,OVC,1,0
Ball St.,56,37,19,0,1462,404,78,5,57,290,37,4,235,42,11,20,369.1,171,131,2.48,328,167,,1108,405,67,9,No,No,MAC,1,0
Baylor,52,36,16,0,1375,437,53,13,33,264,56,18,143,22,13,40,342.1,147,122,2.49,334,98,8,1027,355,42,9,At-large,No,Big 12,4,1
Belmont,50,25,25,0,1283,313,50,6,25,163,33,7,,,,,333,161,121,2.54,311,169,,1002,356,63,10,No,No,OVC,1,0
Bethune-Cookman,55,31,24,0,1481,441,61,11,23,300,160,29,,,,,369,235,185,3.51,201,153,,1107,470,64,15,Auto,No,MEAC,1,0
Binghamton,42,17,25,0,1147,320,57,5,32,195,44,10,,,,,273.1,223,170,4.35,181,156,,820,344,75,13,No,No,America East,1,0
Boise St.,54,40,14,0,1536,551,95,9,56,376,72,18,150,20,16,41,346.2,196,148,2.99,305,196,,1039,326,72,17,Auto,No,MWC,1,0
Boston College,53,30,23,0,1405,358,54,13,20,227,59,14,,,,,363.2,172,128,2.46,326,166,,1091,385,61,6,No,No,ACC,2,1
Boston U.,57,39,18,0,1563,458,68,32,19,293,68,15,,,,,384.2,150,121,2.2,272,109,,1154,459,51,22,Auto,No,Patriot,1,0
Bowling Green,52,26,26,0,1373,393,62,8,37,213,34,11,,,,,339.2,197,162,3.34,268,165,,1019,378,53,21,No,No,MAC,1,0
Bradley,50,20,30,0,1344,383,73,3,46,238,17,5,,,,,321.2,261,174,3.79,180,155,,963,357,81,22,No,No,MVC,1,0
Brown,39,11,28,0,1031,278,54,9,15,149,15,6,,,,,259,234,201,5.43,88,169,,775,371,32,11,No,No,Ivy,1,0
Bryant,45,14,31,0,1105,263,45,6,23,154,41,18,,,,,279.2,282,226,5.66,135,164,,839,334,63,7,No,No,Northeast,1,0
Bucknell,51,27,23,1,1352,365,71,14,36,230,53,13,,,,,339.1,187,148,3.05,211,104,,1018,455,58,12,No,No,Patriot,1,0
Buffalo,47,16,31,0,1139,299,48,13,29,189,22,9,,,,,275.1,336,272,6.92,173,104,,826,255,71,6,No,No,MAC,1,0
Butler,48,20,28,0,1266,309,34,13,19,174,52,9,,,,,321,220,183,3.99,210,166,,963,357,54,15,No,No,Big East,1,0
BYU,55,35,20,0,1407,417,70,7,57,308,62,8,185,43,18,43,350,190,149,2.98,276,168,,1050,418,68,19,Auto,No,WCC,1,0
Cal Poly,50,25,25,0,1267,311,49,10,10,145,16,8,,,,,333.1,181,160,3.36,167,103,,1000,455,57,15,No,No,Big West,2,0
Cal St. Fullerton,56,33,23,0,1442,427,66,10,17,247,80,19,,,,,369.1,230,174,3.3,188,171,,1108,538,54,35,Auto,No,Big West,2,0
California,53,34,19,0,1435,388,71,17,27,257,55,10,,,,,354.2,143,124,2.45,355,124,9,1064,342,51,18,At-large,No,Pac-12,7,5
Campbell,56,29,27,0,1447,390,82,3,67,294,55,12,,,,,361.1,265,218,4.22,193,186,,1084,427,62,18,No,No,Big South,1,0
Canisius,47,12,35,0,1169,259,36,7,17,130,64,12,,,,,300,244,197,4.6,150,133,,899,396,64,14,No,No,MAAC,1,0
Central Ark.,53,28,25,0,1361,360,79,6,22,234,92,19,,,,,354.1,229,165,3.26,143,134,,1063,529,59,13,No,No,Southland,1,0
Central Conn. St.,49,19,30,0,1285,342,49,7,25,187,47,7,,,,,323,201,176,3.81,172,107,,969,375,45,18,No,No,Northeast,1,0
Central Mich.,48,22,26,0,1282,367,56,16,20,182,53,14,,,,,318.1,174,143,3.14,151,106,,955,405,49,19,No,No,MAC,1,0
Charleston So.,56,26,30,0,1403,387,67,8,56,274,95,16,,,,,358.2,266,223,4.35,195,183,,1076,401,71,16,No,No,Big South,1,0
Charlotte,50,18,32,0,1325,360,64,6,14,153,23,7,,,,,334.1,233,176,3.68,261,136,,1003,316,59,15,No,No,C-USA,3,0
Chattanooga,56,26,30,0,1467,417,62,4,34,216,14,5,,,,,368.2,263,198,3.76,169,198,,1106,494,78,24,No,No,Southern,1,0
Cleveland St.,49,15,34,0,1215,293,52,4,22,157,43,16,,,,,319.2,264,228,4.99,166,129,14,959,338,66,14,No,No,Horizon,1,0
Coastal Caro.,54,26,28,0,1330,320,54,6,75,223,32,8,,,,,352.1,220,193,3.83,280,203,,1057,304,43,11,No,No,Big South,1,0
Col. of Charleston,58,31,27,0,1553,453,63,6,24,280,53,14,,,,,378.2,245,204,3.77,118,202,,1136,511,68,27,No,No,CAA,2,0
Colgate,43,11,32,0,1097,231,52,5,12,119,16,6,,,,,285,218,161,3.95,138,130,,854,374,61,17,No,No,Patriot,1,0
Colorado St.,47,26,21,0,1303,391,75,14,29,239,40,9,,,,,320.2,200,168,3.67,214,199,,962,408,55,23,No,No,MWC,1,0
Columbia,40,21,19,0,1133,343,62,12,48,244,28,8,,,,,271.2,194,157,4.05,150,114,,815,292,60,13,No,No,Ivy,1,0
Coppin St.,40,14,26,0,1062,281,43,4,21,160,20,8,,,,,261,266,209,5.61,205,102,16,783,217,61,5,No,No,MEAC,1,0
Cornell,40,15,25,0,1089,310,63,5,16,156,1,3,,,,,261.1,244,191,5.12,130,106,,784,323,43,9,No,No,Ivy,1,0
Creighton,43,28,15,0,1120,354,57,6,37,250,21,4,146,35,7,49,283.1,176,135,3.34,248,113,,850,269,52,9,No,No,Big East,1,0
CSU Bakersfield,44,6,38,0,1098,251,26,9,5,112,37,13,,,,,282,272,217,5.39,86,134,,846,403,62,23,No,No,WAC,1,0
CSUN,59,23,36,0,1536,404,67,7,49,245,45,8,,,,,392,310,232,4.14,253,183,,1176,401,82,25,No,No,Big West,2,0
Dartmouth,40,22,18,0,1010,254,55,5,30,153,18,5,,,,,262,151,123,3.29,194,90,16,785,239,47,5,No,No,Ivy,1,0
Dayton,56,31,25,0,1454,397,75,8,20,219,63,12,,,,,370.1,194,151,2.85,298,134,,1111,351,56,9,No,No,Atlantic 10,1,0
Delaware,49,18,31,0,1236,306,61,6,21,166,48,8,,,,,311.2,302,220,4.94,131,145,,935,398,95,19,No,No,CAA,2,0
Delaware St.,48,12,36,0,1233,323,56,7,21,185,31,6,,,,,301,304,248,5.77,114,157,,903,466,79,20,No,No,MEAC,1,0
DePaul,50,35,15,0,1335,381,68,6,39,240,52,12,,,,,342,129,107,2.19,345,139,,1026,394,41,11,Auto,No,Big East,1,0
Detroit Mercy,44,14,29,1,1121,278,59,2,18,160,66,12,,,,,273.2,267,198,5.06,206,147,,821,403,79,14,No,No,Horizon,1,0
Drake,53,43,10,0,1372,396,69,5,21,236,89,22,,,,,360,88,61,1.19,435,116,,1076,320,42,10,Auto,No,MVC,1,0
Drexel,52,21,29,2,1432,450,77,3,44,305,22,11,160,25,16,10,324.2,313,240,5.17,142,172,,974,393,71,10,No,No,CAA,2,0
Duke,56,29,27,0,1512,401,73,9,20,206,38,8,,,,,386,188,113,2.05,262,126,,1158,582,76,10,No,No,ACC,2,1
East Carolina,55,23,32,0,1418,341,45,2,38,172,35,12,,,,,366,229,182,3.48,209,178,,1098,408,61,11,No,No,AAC,4,0
Eastern Ill.,56,36,20,0,1569,442,81,7,32,262,63,11,,,,,381.2,195,164,3.01,338,143,,1145,333,53,16,No,No,OVC,1,0
Eastern Ky.,58,40,18,0,1469,393,73,5,75,293,72,9,,,,,380.1,197,160,2.94,270,156,,1141,446,47,15,No,No,OVC,1,0
Eastern Mich.,50,11,39,0,1274,288,56,4,15,141,28,8,,,,,326,298,217,4.66,196,166,,978,322,82,11,No,No,MAC,1,0
Elon,52,24,28,0,1354,367,71,12,20,210,19,4,,,,,342,225,185,3.79,174,143,14,1026,385,61,21,No,No,CAA,2,0
ETSU,46,19,27,0,1199,304,47,1,26,167,43,9,,,,,296.2,182,157,3.7,213,119,11,890,305,41,10,No,No,Southern,1,0
Evansville,49,15,34,0,1341,302,46,4,34,150,25,11,,,,,345,195,144,2.92,365,131,,1031,348,65,7,No,No,MVC,1,0
Fairfield,53,27,26,0,1382,356,69,7,20,206,47,13,,,,,350.1,248,209,4.18,235,168,,1051,344,49,13,No,No,MAAC,1,0
Fairleigh Dickinson,43,17,26,0,1076,275,43,8,7,147,18,3,,,,,270.2,225,180,4.66,150,76,,812,291,57,8,No,No,Northeast,1,0
FGCU,56,39,17,0,1462,366,55,13,31,193,54,12,,,,,394.2,152,109,1.93,301,139,,1184,440,62,12,No,No,Atlantic Sun,1,0
FIU,55,30,25,0,1465,384,56,5,22,210,39,18,,,,,380.1,166,137,2.52,367,160,,1141,350,45,20,No,No,C-USA,3,0
Fla. Atlantic,56,30,26,0,1543,420,63,4,29,233,126,21,,,,,403,211,161,2.8,220,120,,1209,499,55,22,No,No,C-USA,3,0
Florida,58,50,8,0,1392,403,78,11,51,365,34,9,297,42,19,32,369.2,79,70,1.33,489,97,,1109,327,24,17,Auto,Yes,SEC,13,9
Florida A&M,52,23,29,0,1419,360,46,5,20,189,63,11,,,,,357,272,181,3.55,226,141,,1071,401,110,14,No,No,MEAC,1,0
Florida St.,57,47,10,0,1456,430,93,21,59,335,128,13,231,34,15,14,370,90,77,1.46,384,106,,1110,370,34,27,Auto,Yes,ACC,2,1
Fordham,54,33,21,0,1440,394,63,9,59,295,54,3,,,,,351.2,195,141,2.81,217,95,,1055,365,83,7,Auto,No,Atlantic 10,1,0
Fresno St.,54,31,23,0,1346,389,77,17,50,291,41,9,213,71,11,41,348.1,236,195,3.92,270,198,,1045,380,47,31,No,No,MWC,1,0
Furman,56,41,15,0,1428,371,60,10,57,256,84,11,,,,,377,154,124,2.3,404,96,,1131,343,50,13,No,No,Southern,1,0
Ga. Southern,53,28,25,0,1454,395,65,4,48,215,21,7,,,,,351,232,186,3.71,160,170,,1053,427,46,21,No,No,Sun Belt,2,0
Gardner-Webb,58,29,29,0,1498,468,75,17,40,323,115,13,199,50,18,27,364.1,352,273,5.25,138,176,,1093,473,88,9,No,No,Big South,1,0
George Mason,50,22,28,0,1344,338,59,6,20,185,32,10,,,,,334.2,234,166,3.47,227,83,,1004,364,89,7,No,No,Atlantic 10,1,0
George Washington,54,33,21,0,1504,493,90,16,42,331,108,15,149,25,16,22,352.2,228,186,3.69,205,153,,1058,392,57,15,No,No,Atlantic 10,1,0
Georgetown,52,16,36,0,1372,363,44,8,19,173,62,15,,,,,336.1,294,237,4.93,245,183,,1009,288,50,6,No,No,Big East,1,0
Georgia,54,43,11,0,1435,481,70,12,55,326,82,13,147,26,7,40,354.2,107,81,1.6,361,115,,1064,329,47,9,At-large,Yes,SEC,13,9
Georgia St.,55,31,24,0,1542,444,72,6,46,264,34,8,,,,11,379.2,236,205,3.78,192,121,,1139,405,53,16,No,No,Sun Belt,2,0
Georgia Tech,54,28,26,0,1376,312,52,9,54,233,8,5,,,,,368,200,145,2.76,240,114,,1104,326,77,13,No,No,ACC,2,1
Grambling,39,11,28,0,883,217,32,6,7,163,33,6,,,,,218,302,222,7.13,77,104,,654,280,76,10,No,No,SWAC,1,0
Grand Canyon,59,31,28,0,1648,521,96,14,41,318,47,10,,,,,382.2,262,206,3.77,192,164,,1148,592,57,34,No,No,WAC,1,0
Green Bay,46,11,35,0,1168,272,39,10,15,121,18,13,,,,,293.2,250,212,5.05,182,201,,881,362,58,9,No,No,Horizon,1,0
Hampton,52,24,28,0,1330,362,53,15,6,180,117,26,,,,,348,234,175,3.52,160,90,,1044,435,89,22,No,No,MEAC,1,0
Hartford,42,10,32,0,1108,302,47,5,21,147,24,6,,,,,269,313,229,5.96,104,113,15,807,326,72,13,No,No,America East,1,0
Harvard,39,23,16,0,1054,303,56,8,22,194,45,9,,,,,262.1,164,131,3.5,145,125,,786,349,46,16,Auto,No,Ivy,1,0
Hawaii,50,23,27,0,1247,304,37,3,34,173,16,8,,,,,324.2,197,157,3.39,203,96,,974,378,56,14,No,No,MWC,1,0
Hofstra,52,40,12,0,1405,427,79,11,68,324,25,8,207,20,4,40,348,128,114,2.29,298,97,,1044,364,30,17,Auto,No,CAA,2,0
Holy Cross,45,12,33,0,1194,292,49,7,8,142,10,6,,,,,306.1,237,190,4.34,198,161,16,919,375,57,11,No,No,Patriot,1,0
Houston,56,36,20,0,1524,428,54,10,29,253,20,6,,,,,399,145,107,1.88,246,85,,1197,554,59,26,At-large,No,AAC,4,0
Houston Baptist,43,9,34,0,1115,247,43,4,26,123,3,0,,,,,286.1,203,166,4.06,93,121,13,859,307,54,16,No,No,Southland,1,0
Howard,45,8,37,0,1070,250,60,3,9,143,48,20,,,,,263.1,356,239,6.35,158,144,,790,308,110,6,No,No,MEAC,1,0
Idaho St.,47,13,34,0,1193,288,50,3,27,149,46,13,,,,,298,310,243,5.71,189,177,,894,432,80,22,No,No,Big Sky,1,0
Illinois,55,37,18,0,1552,493,83,16,50,350,66,19,142,42,11,30,366.1,229,172,3.29,189,180,,1099,464,79,25,No,No,Big Ten,5,0
Illinois St.,54,21,33,0,1390,318,53,3,16,155,20,7,,,,,359.2,247,204,3.97,205,162,,1079,479,50,16,No,No,MVC,1,0
Incarnate Word,49,15,34,0,1212,265,35,3,21,126,18,2,,,,,314,271,222,4.95,149,110,,942,283,69,8,No,No,Southland,1,0
Indiana,56,26,30,0,1402,364,47,9,35,204,112,46,,,,,373,206,149,2.8,372,196,16,1119,327,74,7,No,No,Big Ten,5,0
Indiana St.,54,26,28,0,1481,386,60,7,16,198,65,7,,,,,359,192,157,3.06,169,128,,1077,475,54,22,No,No,MVC,1,0
Iona,46,19,27,0,1206,259,37,7,21,141,12,2,,,,,311.2,199,146,3.28,254,146,,935,376,63,8,No,No,MAAC,1,0
Iowa,53,21,32,0,1370,310,37,11,16,149,49,7,,,,,354,195,119,2.35,319,111,,1062,375,71,9,No,No,Big Ten,5,0
Iowa St.,56,23,33,0,1524,392,61,10,45,188,44,9,,,,,364.2,268,217,4.17,207,172,,1094,448,71,17,No,No,Big 12,4,1
IUPUI,49,16,33,0,1243,292,34,11,14,145,40,11,,,,,310,259,211,4.76,183,158,,930,358,56,9,No,No,Horizon,1,0
Jackson St.,40,9,31,0,945,238,49,9,8,130,54,12,,,,,226,334,258,7.99,109,126,,678,269,113,8,No,No,SWAC,1,0
Jacksonville,56,27,29,0,1386,351,46,2,29,200,106,20,,,,,375,178,150,2.8,176,121,,1125,488,66,21,No,No,Atlantic Sun,1,0
Jacksonville St.,56,33,23,0,1541,424,78,9,37,242,59,9,,,,,374.1,218,167,3.12,259,215,,1123,508,67,17,Auto,No,OVC,1,0
James Madison,54,42,12,0,1452,456,75,3,82,344,32,15,213,28,10,37,362.1,152,102,1.97,297,92,,1087,360,64,12,At-large,No,CAA,2,0
Kansas,52,27,25,0,1382,382,79,4,39,220,30,4,,,,,350,216,182,3.64,242,163,,1050,419,37,13,No,No,Big 12,4,1
Kennesaw St.,54,39,15,0,1409,417,78,9,45,262,43,9,,,,,354.2,147,105,2.07,355,97,,1064,359,52,15,Auto,No,Atlantic Sun,1,0
Kent St.,52,29,23,0,1437,443,71,13,43,284,17,4,,,,,332.1,262,235,4.95,163,195,,997,395,42,15,No,No,MAC,1,0
Kentucky,50,31,19,0,1320,405,53,8,46,263,68,19,,,,,329.1,172,143,3.04,244,135,,988,487,34,21,At-large,No,SEC,13,9
La Salle,46,12,34,0,1177,262,55,1,31,158,24,13,,,,,296.2,254,196,4.62,174,135,,890,377,80,11,No,No,Atlantic 10,1,0
La.-Monroe,53,24,29,0,1465,443,69,7,15,307,86,16,,,,,348.1,267,214,4.3,124,109,16,1045,416,59,22,No,No,Sun Belt,2,0
Lafayette,49,7,42,0,1210,270,59,4,24,165,41,20,,,,,293.2,328,270,6.44,74,139,,881,394,60,13,No,No,Patriot,1,0
Lamar University,56,28,28,0,1495,422,64,18,21,254,77,25,,,,,374,255,196,3.67,140,164,,1122,517,78,30,No,No,Southland,1,0
Lehigh,51,24,26,1,1375,352,41,5,13,173,111,13,,,,,347,214,164,3.31,269,139,,1041,351,64,13,No,No,Patriot,1,0
Liberty,59,47,12,0,1582,483,101,19,35,297,96,16,,,,,395.1,135,117,2.07,335,102,,1186,403,36,21,Auto,No,Atlantic Sun,1,0
Lipscomb,50,33,17,0,1356,379,63,4,32,197,72,13,,,,,345.1,126,102,2.07,252,116,,1036,319,39,16,No,No,Atlantic Sun,1,0
LIU Brooklyn,51,22,29,0,1391,415,54,5,25,241,28,8,,,,,325,319,272,5.86,196,177,,975,381,55,12,No,No,Northeast,1,0
LMU (CA),52,28,23,1,1326,335,63,3,34,176,21,9,,,,,356.1,174,153,3.01,254,100,,1069,408,52,14,No,No,WCC,1,0
Long Beach St.,54,42,12,0,1513,465,89,9,37,307,25,6,,,,,370,142,119,2.25,327,163,,1109,383,39,24,At-large,No,Big West,2,0
Longwood,54,38,16,0,1490,419,67,12,34,258,78,19,,,,,378.1,145,119,2.2,243,128,,1135,376,60,22,No,No,Big South,1,0
Louisiana,52,38,14,0,1460,422,65,6,21,235,75,23,,,,,383.2,136,106,1.93,314,152,,1151,474,50,24,At-large,No,Sun Belt,2,0
Louisiana Tech,57,34,23,0,1426,392,66,9,27,261,129,19,,,,,372.2,187,161,3.02,228,133,,1118,414,52,16,No,No,C-USA,3,0
Louisville,53,33,20,0,1445,437,66,8,27,285,51,6,,,,,352,223,173,3.44,267,211,,1056,358,68,13,No,No,ACC,2,1
Loyola Chicago,50,23,27,0,1283,321,53,9,17,164,19,8,,,,,328.1,159,128,2.73,188,100,,985,459,60,14,No,No,MVC,1,0
LSU,55,41,14,0,1462,385,60,5,36,218,65,6,,,,,393.2,97,80,1.42,356,102,,1181,441,42,15,At-large,No,SEC,13,9
Maine,47,22,25,0,1214,280,33,8,16,143,21,13,,,,,313.1,181,132,2.95,233,116,,940,342,69,10,No,No,America East,1,0
Manhattan,53,28,25,0,1431,361,70,5,31,216,41,13,,,,,364,189,151,2.9,229,128,,1092,455,60,23,No,No,MAAC,1,0
Marist,59,27,32,0,1575,408,59,7,29,233,67,18,,,,,388.1,218,187,3.37,201,205,,1165,551,53,33,No,No,MAAC,1,0
Marshall,55,25,29,1,1445,396,69,8,24,223,116,32,,,,,369,241,200,3.79,202,176,,1107,468,74,20,No,No,C-USA,3,0
Maryland,55,18,37,0,1391,328,57,10,19,155,26,10,,,,,357,316,244,4.78,164,194,,1071,553,92,18,No,No,Big Ten,5,0
Massachusetts,49,35,14,0,1338,424,50,9,31,290,29,5,164,53,7,39,325.1,142,110,2.37,279,108,,976,395,50,16,No,No,Atlantic 10,1,0
McNeese,59,40,19,0,1510,443,71,10,59,349,142,39,274,45,25,24,393.1,243,194,3.45,194,143,,1177,434,76,17,Auto,No,Southland,1,0
Memphis,58,37,21,0,1520,468,58,21,23,288,85,23,,,,,381,173,137,2.52,303,133,,1143,414,60,19,No,No,AAC,4,0
Mercer,52,33,19,0,1376,392,60,3,45,247,78,9,,,,,348,180,150,3.02,254,118,,1044,270,58,6,No,No,Southern,1,0
Miami (OH),49,24,25,0,1308,353,61,8,29,219,33,9,,,,,328.1,228,195,4.16,265,130,,985,363,47,11,No,No,MAC,1,0
Michigan,54,43,11,0,1420,436,73,8,43,299,62,13,182,40,8,23,351.1,78,71,1.41,375,90,,1054,394,22,8,At-large,No,Big Ten,5,0
Michigan St.,52,26,26,0,1342,357,71,8,35,209,36,15,,,,,336.2,214,164,3.41,319,152,,1010,303,62,19,No,No,Big Ten,5,0
Middle Tenn.,59,39,20,0,1541,469,62,7,35,262,93,14,,,,,391.2,194,150,2.68,219,123,,1175,568,75,15,Auto,No,C-USA,3,0
Minnesota,54,39,15,0,1460,425,76,10,53,313,60,7,,,,,356,128,96,1.89,318,96,12,1068,473,54,15,Auto,No,Big Ten,5,0
Mississippi St.,57,36,21,0,1507,431,83,17,49,286,48,8,,,,,378.1,148,108,2,396,161,,1135,431,71,14,At-large,No,SEC,13,9
Mississippi Val.,45,14,31,0,1123,274,46,9,8,158,25,7,,,,,273,303,244,6.26,126,164,,819,321,87,8,No,No,SWAC,1,0
Missouri,55,28,27,0,1463,421,78,3,55,265,61,13,,,,,360.2,240,184,3.57,209,154,,1082,518,51,23,At-large,No,SEC,13,9
Missouri St.,52,32,20,0,1410,383,47,16,22,220,64,10,,,,,349.2,183,147,2.94,271,135,,1049,414,45,22,No,No,MVC,1,0
Monmouth,46,32,14,0,1246,332,56,16,39,215,40,11,,,,,319.1,168,132,2.89,262,123,,958,356,56,16,Auto,No,MAAC,1,0
Montana,55,25,30,0,1455,364,38,8,17,190,27,11,,,,,367.2,196,162,3.08,282,93,,1104,395,47,8,No,No,Big Sky,1,0
Morehead St.,51,28,23,0,1328,320,35,2,30,156,36,8,,,,,351,149,116,2.31,373,131,,1053,302,48,10,No,No,OVC,1,0
Morgan St.,45,28,17,0,1170,316,54,11,12,209,76,19,,,,,304.1,148,105,2.42,231,117,8,913,353,58,21,No,No,MEAC,1,0
Mt. St. Mary's,44,17,26,1,1097,255,49,3,20,136,43,11,,,,,280.1,218,188,4.69,145,174,,841,367,52,37,No,No,Northeast,1,0
Murray St.,52,16,36,0,1386,345,59,12,23,197,48,10,,,,,349.2,221,183,3.66,165,108,10,1052,484,69,15,No,No,OVC,1,0
N.C. A&T,44,7,37,0,1160,287,41,6,6,118,15,7,,,,,285.2,319,225,5.51,156,135,,857,351,111,17,No,No,MEAC,1,0
N.C. Central,46,20,26,0,1172,282,28,3,19,145,44,20,,,,,302,176,137,3.18,335,132,,906,284,59,12,No,No,MEAC,1,0
NC State,54,23,31,0,1346,336,53,7,36,195,39,7,,,,,349,241,175,3.51,230,190,,1047,544,58,24,No,No,ACC,2,1
Nebraska,54,31,23,0,1396,372,67,6,43,231,53,9,,,,,352.2,226,202,4.01,217,165,,1058,410,41,18,No,No,Big Ten,5,0
Nevada,50,25,25,0,1447,458,76,3,44,313,30,4,180,32,22,21,336.1,265,203,4.22,238,177,,1009,375,63,15,No,No,MWC,1,0
New Mexico,53,14,39,0,1285,313,51,7,33,182,29,10,,,,,326,372,300,6.44,141,205,,978,400,78,13,No,No,MWC,1,0
New Mexico St.,51,29,22,0,1385,437,78,13,58,297,33,7,140,51,8,21,330.2,242,189,4,210,85,,992,386,69,20,Auto,No,WAC,1,0
Niagara,49,16,33,0,1258,287,42,4,25,175,20,5,,,,,318.2,233,193,4.24,222,137,,956,352,54,11,No,No,MAAC,1,0
Nicholls St.,55,40,15,0,1513,470,83,12,35,281,44,8,,,,,370.2,154,120,2.27,284,125,13,1112,404,63,8,No,No,Southland,1,0
Norfolk St.,50,21,29,0,1310,351,56,4,38,215,57,14,,,,,330.1,243,169,3.58,161,80,11,991,466,107,13,No,No,MEAC,1,0
North Carolina,56,30,26,0,1454,416,57,9,32,225,116,31,,,,,374,210,173,3.24,253,148,,1121,410,55,17,No,No,ACC,2,1
North Dakota,53,26,27,0,1371,335,65,15,19,194,57,8,,,,,345,212,171,3.47,258,120,,1035,512,64,12,No,No,Summit,1,0
North Dakota St.,50,33,17,0,1263,328,70,0,23,187,49,16,,,,,335.2,133,110,2.29,396,85,,1007,244,31,7,Auto,No,Summit,1,0
North Florida,54,24,30,0,1308,315,51,5,7,133,69,22,,,,,363.1,166,125,2.41,256,123,,1090,434,74,17,No,No,Atlantic Sun,1,0
North Texas,52,25,27,0,1362,370,51,10,54,221,61,11,,,,,351,222,176,3.51,243,121,,1053,375,66,9,No,No,C-USA,3,0
Northern Colo.,54,28,26,0,1411,383,81,12,28,242,53,18,,,,,356,234,187,3.68,221,120,,1068,400,57,12,No,No,Big Sky,1,0
Northern Ill.,56,24,32,0,1447,392,64,20,30,233,57,20,,,,,361.1,232,180,3.49,174,161,,1084,494,71,22,No,No,MAC,1,0
Northern Ky.,46,23,22,1,1208,334,54,4,11,170,21,4,,,,,303,198,160,3.7,169,127,,909,366,67,12,No,No,Horizon,1,0
Northwestern,53,36,17,0,1413,419,78,11,46,324,113,15,200,59,18,25,347.1,229,181,3.65,266,190,,1042,353,63,17,At-large,No,Big Ten,5,0
Northwestern St.,53,28,25,0,1364,363,63,10,36,257,49,10,,,,,340.1,200,162,3.33,226,189,,1021,343,59,13,No,No,Southland,1,0
Notre Dame,53,32,21,0,1368,393,61,7,35,242,56,10,,,,,349.2,188,138,2.76,258,186,,1049,420,59,14,At-large,No,ACC,2,1
Oakland,50,23,27,0,1355,361,53,24,26,212,23,7,,,,,334.1,208,160,3.35,211,96,,1003,409,66,9,No,No,Horizon,1,0
Ohio,53,38,15,0,1450,413,70,16,54,291,34,8,,,,,355.2,173,135,2.66,382,137,,1067,305,65,9,Auto,No,MAC,1,0
Ohio St.,48,34,14,0,1298,353,74,11,63,263,30,5,,,,,321,175,131,2.86,288,233,,963,386,50,20,At-large,No,Big Ten,5,0
Oklahoma,53,50,3,0,1357,448,71,5,71,369,64,18,220,43,12,20,342,69,58,1.19,356,64,,1026,333,15,14,Auto,Yes,Big 12,4,1
Oklahoma St.,58,38,20,0,1561,490,68,8,62,335,27,8,206,32,16,26,380.2,184,142,2.61,213,97,,1142,479,48,16,At-large,No,Big 12,4,1
Ole Miss,53,30,23,0,1414,370,55,9,24,227,80,17,,,,,363,172,140,2.7,197,84,,1089,495,54,21,At-large,No,SEC,13,9
Omaha,51,20,31,0,1321,335,61,5,36,198,51,17,,,,,330.2,288,226,4.78,184,150,,992,366,68,11,No,No,Summit,1,0
Oregon,54,47,7,0,1425,459,76,6,70,336,76,14,173,32,15,31,357,72,57,1.12,461,59,13,1071,407,34,18,Auto,Yes,Pac-12,7,5
Oregon St.,54,28,26,0,1453,384,49,4,31,208,46,8,,,,,367,203,151,2.88,272,148,,1101,426,78,17,At-large,No,Pac-12,7,5
Pacific,47,20,27,0,1240,337,58,5,25,186,21,5,,,,,311.1,223,170,3.82,217,160,,931,447,70,11,No,No,WCC,1,0
Penn,37,17,20,0,1019,303,40,7,19,196,57,8,,,,,251,205,170,4.74,168,124,16,753,220,51,4,No,No,Ivy,1,0
Penn St.,50,9,41,0,1215,264,39,4,19,130,15,7,,,,,318.1,338,271,5.96,179,176,,954,434,58,8,No,No,Big Ten,5,0
Pittsburgh,52,33,18,1,1355,361,63,4,54,258,39,8,,,,,346.1,181,150,3.03,157,112,15,1039,509,49,34,No,No,ACC,2,1
Portland St.,52,18,34,0,1354,354,54,10,28,202,43,8,,,,,331.2,294,240,5.07,209,154,,995,333,56,18,No,No,Big Sky,1,0
Prairie View,41,20,21,0,1053,291,40,6,17,178,49,14,,,,,265.1,197,167,4.41,122,108,,794,289,42,6,Auto,No,SWAC,1,0
Presbyterian,46,4,42,0,1143,240,30,2,8,97,22,3,,,,,282,290,227,5.63,142,110,,846,352,82,11,No,No,Big South,1,0
Princeton,39,10,29,0,1024,278,42,7,14,137,39,10,,,,,246.2,248,216,6.13,118,185,,740,281,39,13,No,No,Ivy,1,0
Providence,45,13,32,0,1149,265,48,6,24,145,37,10,,,,,297.2,213,177,4.16,149,128,,893,423,53,11,No,No,Big East,1,0
Purdue,56,16,40,0,1439,345,47,4,25,170,18,10,,,,,362.1,310,263,5.08,235,233,,1086,350,59,10,No,No,Big Ten,5,0
Purdue Fort Wayne,54,19,35,0,1409,350,61,5,25,210,40,10,,,,,349,298,232,4.65,211,185,,1046,394,73,17,No,No,Summit,1,0
Quinnipiac,51,22,29,0,1319,364,82,12,31,208,21,8,,,,,323.2,247,172,3.72,230,153,,971,346,59,13,No,No,MAAC,1,0
Radford,55,36,19,0,1506,396,77,8,41,257,61,9,,,,,375.2,161,134,2.5,226,69,,1127,514,54,24,No,No,Big South,1,0
Rhode Island,47,12,35,0,1212,248,52,4,14,111,36,6,,,,,311.1,234,188,4.23,224,130,,934,331,70,13,No,No,Atlantic 10,1,0
Rider,50,17,33,0,1352,369,60,13,18,239,25,4,,,,,324.1,269,196,4.23,200,153,,973,465,89,14,No,No,MAAC,1,0
Robert Morris,46,10,36,0,1157,273,57,5,17,155,19,6,,,,,285.2,294,216,5.29,127,204,,857,380,77,21,No,No,Northeast,1,0
Rutgers,50,19,31,0,1372,354,45,8,32,204,40,10,,,,,337.2,282,237,4.91,138,138,,1013,386,60,35,No,No,Big Ten,5,0
Sacramento St.,49,31,18,0,1320,377,65,7,29,215,40,9,,,,,335.1,169,133,2.78,272,137,,1006,362,44,10,Auto,No,Big Sky,1,0
Sacred Heart,56,31,25,0,1479,359,68,4,33,200,10,5,,,,,379.1,131,105,1.94,417,158,,1137,394,39,9,No,No,Northeast,1,0
Saint Francis (PA),56,39,17,0,1452,392,65,9,83,308,57,10,,,,,368,169,130,2.47,293,111,,1104,360,53,12,Auto,No,Northeast,1,0
Saint Joseph's,49,24,25,0,1327,368,57,8,17,200,39,9,,,,,325,201,149,3.21,177,123,,975,394,69,14,No,No,Atlantic 10,1,0
Saint Louis,57,28,29,0,1486,392,68,6,42,218,32,7,,,,,370,242,197,3.73,250,143,,1110,462,67,14,No,No,Atlantic 10,1,0
Saint Mary's (CA),49,15,34,0,1256,293,48,10,14,143,71,12,,,,,315.2,254,196,4.35,166,122,,947,390,62,7,No,No,WCC,1,0
Saint Peter's,48,7,41,0,1160,281,45,3,16,124,40,12,,,,,290,368,290,7,94,152,,868,408,84,12,No,No,MAAC,1,0
Sam Houston St.,57,24,33,0,1505,385,71,10,27,194,39,12,,,,,379.1,248,210,3.88,294,156,,1138,314,43,8,No,No,Southland,1,0
Samford,57,19,38,0,1485,391,62,8,36,240,64,9,,,,,362.1,333,270,5.22,141,163,,1087,505,85,21,No,No,Southern,1,0
San Diego,52,25,27,0,1385,357,52,8,18,185,60,15,,,,,359,209,170,3.31,220,119,,1077,470,57,21,No,No,WCC,1,0
San Diego St.,51,20,31,0,1342,330,42,3,14,147,51,20,,,,,345,191,158,3.21,180,111,16,1035,453,58,16,No,No,MWC,1,0
San Jose St.,49,32,17,0,1282,362,60,7,40,279,19,6,220,28,15,5,322,200,151,3.28,125,107,13,966,533,54,28,No,No,MWC,1,0
Santa Clara,46,9,37,0,1196,263,43,3,1,107,60,15,,,,,304,259,226,5.2,134,212,,911,312,42,13,No,No,WCC,1,0
Savannah St.,36,14,22,0,943,255,40,8,11,164,61,8,,,,,235,186,145,4.32,123,90,,705,259,68,12,No,No,MEAC,1,0
Seattle U,56,33,23,0,1593,443,64,8,36,268,81,15,,,,,397,220,174,3.07,288,160,,1191,554,58,24,No,No,WAC,1,0
Seton Hall,54,19,35,0,1405,348,67,2,36,193,46,12,,,,,355,318,248,4.89,182,120,,1065,530,91,19,No,No,Big East,1,0
SFA,53,31,22,0,1373,360,63,14,33,228,20,6,,,,,356,180,141,2.77,285,177,,1068,427,60,13,No,No,Southland,1,0
Siena,44,18,26,0,1155,288,62,2,11,137,24,5,,,,,288.2,165,135,3.27,216,160,16,866,424,61,14,No,No,MAAC,1,0
SIUE,46,25,21,0,1146,297,59,8,31,166,64,22,,,,,301,153,138,3.21,277,133,,903,260,30,7,No,No,OVC,1,0
South Alabama,56,29,27,0,1487,378,53,8,32,203,28,10,,,,,380,181,140,2.58,312,140,,1140,372,60,12,No,No,Sun Belt,2,0
South Carolina,59,45,14,0,1475,409,81,10,61,305,40,8,,,,,386.1,132,114,2.07,259,132,,1159,424,33,31,At-large,No,SEC,13,9
South Carolina St.,33,2,31,0,759,133,27,1,2,59,22,3,,,,,201.2,276,196,6.8,45,148,,605,259,71,17,No,No,MEAC,1,0
South Dakota,55,17,38,0,1454,412,78,8,53,243,27,12,,,,,339.2,359,287,5.91,162,167,,1019,380,92,27,No,No,Summit,1,0
South Dakota St.,50,34,16,0,1395,449,87,11,47,331,23,8,169,26,13,25,321.2,214,172,3.74,184,146,11,965,355,43,15,No,No,Summit,1,0
South Fla.,59,38,21,0,1447,419,58,7,44,259,59,15,,,,,389,185,140,2.52,308,110,,1167,444,67,12,At-large,No,AAC,4,0
Southeast Mo. St.,53,33,20,0,1349,362,63,18,37,258,70,17,,,,,346.2,193,162,3.27,260,123,,1040,356,43,18,No,No,OVC,1,0
Southeastern La.,59,38,21,0,1547,438,69,20,21,319,184,35,,,,,395.1,216,169,2.99,196,151,,1183,446,81,19,No,No,Southland,1,0
Southern Ill.,53,31,22,0,1421,381,61,4,47,249,33,10,,,,,362.1,206,155,2.99,272,118,,1087,342,57,14,No,No,MVC,1,0
Southern Miss.,55,19,36,0,1437,379,55,11,18,203,61,16,,,,,368.1,264,207,3.93,192,152,,1105,530,68,15,No,No,C-USA,3,0
Southern U.,40,17,23,0,1023,286,51,5,25,184,86,17,,,,,256.1,217,161,4.4,127,137,13,769,328,86,8,No,No,SWAC,1,0
Southern Utah,47,9,38,0,1139,308,56,9,41,171,25,15,,,,,279.2,361,303,7.58,131,203,,839,342,70,13,No,No,Big Sky,1,0
St. Bonaventure,42,10,32,0,1049,254,54,11,10,134,44,4,,,,,251,284,234,6.53,125,121,,753,250,58,6,No,No,Atlantic 10,1,0
St. John's (NY),50,24,26,0,1393,420,66,4,62,269,53,15,,,,,324.2,260,222,4.79,223,148,,974,357,57,6,No,No,Big East,1,0
Stanford,55,24,31,0,1392,358,50,17,13,202,55,12,,,,,357.2,218,190,3.72,224,146,,1073,369,39,12,No,No,Pac-12,7,5
Stetson,51,26,25,0,1262,346,42,8,29,210,89,12,,,,,326.1,212,159,3.41,156,133,,979,437,57,13,No,No,Atlantic Sun,1,0
Stony Brook,47,25,22,0,1206,316,56,5,24,183,28,6,,,,,308.2,191,144,3.27,183,117,,926,374,50,20,No,No,America East,1,0
Syracuse,50,30,20,0,1327,356,56,21,14,218,58,8,,,,,339,145,114,2.35,390,155,,1017,297,44,10,No,No,ACC,2,1
Tennessee,57,45,12,0,1530,472,66,7,47,330,58,8,209,36,10,18,377.2,166,135,2.5,343,144,,1133,380,55,16,At-large,No,SEC,13,9
Tennessee St.,52,4,48,0,1189,236,43,3,9,103,54,8,,,,,313.2,351,282,6.29,135,153,,941,411,76,13,No,No,OVC,1,0
Tennessee Tech,49,16,33,0,1270,323,63,1,38,186,23,7,,,,,310,281,217,4.9,172,180,,930,399,61,5,No,No,OVC,1,0
Texas,56,32,24,0,1415,381,72,4,25,201,36,15,,,,,373.2,156,133,2.49,305,127,,1121,353,38,11,At-large,No,Big 12,4,1
Texas A&M,56,40,16,0,1423,411,65,7,41,258,47,6,,,,,375.1,135,115,2.14,287,149,,1126,449,38,20,At-large,No,SEC,13,9
Texas Southern,43,24,18,1,1144,337,51,7,18,224,87,8,,,,,283.2,180,132,3.26,200,106,,851,342,58,9,No,No,SWAC,1,0
Texas St.,56,42,14,0,1456,410,62,15,33,234,52,12,,,,,396,120,93,1.64,394,63,,1188,353,48,12,Auto,No,Sun Belt,2,0
Texas Tech,55,29,26,0,1517,447,78,18,48,251,65,27,,,,,373.2,250,204,3.82,219,164,,1121,484,62,22,No,No,Big 12,4,1
Toledo,55,34,21,0,1457,379,73,6,44,252,57,17,,,,,381,189,142,2.61,227,151,,1143,449,75,11,No,No,MAC,1,0
Towson,57,40,17,0,1488,492,98,8,52,364,52,11,174,26,22,34,362.1,218,172,3.32,208,139,,1087,461,62,18,No,No,CAA,2,0
Troy,60,34,26,0,1620,425,73,4,37,258,63,13,,,,,414.1,218,190,3.21,263,195,,1243,365,41,25,No,No,Sun Belt,2,0
Tulsa,56,33,23,0,1463,401,66,15,29,241,45,8,,,,,366.2,173,136,2.6,405,118,,1100,310,44,10,Auto,No,AAC,4,0
UAB,59,26,32,1,1599,419,79,10,34,217,33,21,,,,,396.1,262,185,3.27,274,156,,1189,468,101,17,No,No,C-USA,3,0
UC Davis,51,27,24,0,1348,337,50,5,17,161,28,6,,,,,352.2,137,111,2.2,263,120,,1058,294,44,5,No,No,Big West,2,0
UC Riverside,55,33,22,0,1387,388,59,17,18,237,31,11,,,,,360.1,190,147,2.86,272,168,16,1081,366,54,18,No,No,Big West,2,0
UC Santa Barbara,54,20,34,0,1455,399,59,8,25,206,24,6,,,,,357,333,250,4.9,198,154,,1071,418,97,18,No,No,Big West,2,0
UCF,56,34,22,0,1399,359,51,11,29,205,47,12,,,,,368,179,133,2.53,208,163,,1104,478,63,21,No,No,AAC,4,0
UCLA,54,50,4,0,1437,488,78,14,54,353,40,7,169,22,20,15,353.1,109,88,1.74,375,115,,1060,355,43,16,At-large,Yes,Pac-12,7,5
UConn,55,20,35,0,1379,290,48,0,24,148,23,9,,,,,360.1,207,157,3.05,292,136,,1079,345,67,9,No,No,AAC,4,0
UIC,52,33,19,0,1397,415,62,10,24,245,103,16,,,,,344,181,154,3.13,222,156,,1032,452,47,20,Auto,No,Horizon,1,0
UMass Lowell,49,21,28,0,1299,328,74,5,26,175,14,4,,,,,320.1,206,158,3.45,229,85,,961,321,60,15,No,No,America East,1,0
UMBC,43,12,31,0,1125,283,35,8,15,166,46,8,,,,,280,254,196,4.9,99,92,,840,371,61,6,No,No,America East,1,0
UMES,39,4,35,0,956,207,36,2,4,102,33,11,,,,,231,291,221,6.7,125,119,,693,229,78,13,No,No,MEAC,1,0
UMKC,56,15,41,0,1481,389,52,14,37,228,35,8,,,,,356,375,321,6.31,115,158,,1070,494,77,13,No,No,WAC,1,0
UNC Greensboro,57,46,11,0,1480,414,84,4,58,320,16,3,,,,,388.2,137,112,2.02,333,134,16,1166,450,47,20,Auto,No,Southern,1,0
UNCW,49,20,29,0,1210,290,41,5,20,148,60,26,,,,,319.2,206,158,3.46,228,148,,959,386,53,16,No,No,CAA,2,0
UNI,52,26,26,0,1424,411,61,5,19,213,44,13,,,,,348.1,193,150,3.01,200,125,16,1045,466,54,21,No,No,MVC,1,0
UNLV,49,31,18,0,1306,362,62,6,20,202,30,7,,,,,337,164,137,2.85,228,91,,1011,426,40,24,No,No,MWC,1,0
USC Upstate,54,35,19,0,1385,384,58,9,36,249,106,12,,,,,355.2,149,120,2.36,309,124,,1067,339,40,16,No,No,Atlantic Sun,1,0
UT Arlington,53,27,26,0,1422,365,40,9,32,217,64,10,,,,,366.1,205,172,3.29,88,124,,1099,423,47,30,No,No,Sun Belt,2,0
UT Martin,57,25,32,0,1460,380,57,8,16,183,132,30,,,,,385,203,165,3,136,103,,1155,496,52,30,No,No,OVC,1,0
Utah,50,20,30,0,1271,349,75,8,24,210,20,12,,,,,318,220,174,3.83,318,146,,954,362,66,13,No,No,Pac-12,7,5
Utah St.,52,18,34,0,1398,381,49,13,38,211,79,15,,,,,338.2,277,193,3.99,221,148,,1016,460,97,17,No,No,MWC,1,0
Utah Valley,50,21,29,0,1363,382,60,7,39,229,55,5,,,,,328,302,214,4.57,176,163,,984,438,84,19,No,No,WAC,1,0
UTEP,54,21,33,0,1418,406,70,12,34,229,28,4,,,,,344,316,271,5.51,233,282,,1032,448,58,22,No,No,C-USA,3,0
UTSA,50,20,30,0,1298,298,49,2,39,169,26,7,,,,,334,208,160,3.35,111,75,,1002,379,58,17,No,No,C-USA,3,0
Valparaiso,51,27,24,0,1308,300,45,8,27,165,44,9,,,,,339,172,130,2.68,281,126,,1017,430,64,14,No,No,MVC,1,0
Villanova,53,27,24,2,1389,390,73,9,33,259,54,13,,,,,340,283,242,4.98,144,179,,1020,389,47,13,No,No,Big East,1,0
Virginia,53,12,41,0,1420,375,72,9,52,223,23,6,,,,,333.2,379,308,6.46,160,285,,1001,480,103,23,No,No,ACC,2,1
Virginia Tech,53,23,30,0,1411,340,69,8,35,172,39,10,,,,,355.2,171,119,2.34,316,142,,1067,459,48,16,No,No,ACC,2,1
Wagner,43,15,28,0,1115,277,52,1,18,158,19,6,,,,,274.2,223,175,4.46,148,80,,824,317,52,6,No,No,Northeast,1,0
Washington,52,44,8,0,1399,444,84,12,56,320,63,11,170,31,8,19,340.2,65,56,1.15,411,77,,1022,305,26,11,At-large,Yes,Pac-12,7,5
Weber St.,51,27,24,0,1358,395,62,7,30,258,81,11,,,,,327.2,212,154,3.29,186,110,,983,443,82,26,No,No,Big Sky,1,0
Western Caro.,52,15,37,0,1303,293,55,3,44,174,17,3,,,,,324.2,307,261,5.63,209,181,,974,378,76,15,No,No,Southern,1,0
Western Ill.,48,17,31,0,1269,340,51,11,20,168,15,5,,,,,313.1,223,209,4.67,242,97,,940,288,37,11,No,No,Summit,1,0
Western Ky.,54,28,26,0,1417,394,73,14,40,269,66,15,,,,,362.2,232,189,3.65,237,133,15,1088,452,62,16,No,No,C-USA,3,0
Western Mich.,54,29,25,0,1519,438,76,6,43,242,22,1,,,,,378.2,224,177,3.27,238,162,13,1136,434,61,9,No,No,MAC,1,0
Wichita St.,51,30,21,0,1349,374,64,10,57,252,30,6,,,,,333.2,216,162,3.4,268,170,,1001,400,66,19,At-large,No,AAC,4,0
Winthrop,49,17,32,0,1246,294,51,1,24,141,36,10,,,,,324.1,202,171,3.69,217,99,,973,285,50,13,No,No,Big South,1,0
Wisconsin,49,28,21,0,1224,325,70,3,31,226,75,26,,,,,323.1,171,136,2.94,215,108,,970,420,61,17,At-large,No,Big Ten,5,0
Wright St.,53,21,32,0,1361,314,48,5,17,177,79,18,,,,,354,236,175,3.46,201,130,,1059,435,77,9,No,No,Horizon,1,0
Yale,40,10,30,0,1078,268,41,5,11,105,41,10,,,,,272.2,169,132,3.39,185,93,11,818,331,47,11,No,No,Ivy,1,0
Youngstown St.,51,25,26,0,1358,378,64,10,31,227,49,3,,,,,334,211,167,3.5,250,116,,1002,401,58,14,No,No,Horizon,1,0
